Page,Start Address,End Address
0,0x8000000,0x80007ff
1,0x8000800,0x8000fff
2,0x8001000,0x80017ff
3,0x8001800,0x8001fff
4,0x8002000,0x80027ff
5,0x8002800,0x8002fff
6,0x8003000,0x80037ff
7,0x8003800,0x8003fff
8,0x8004000,0x80047ff
9,0x8004800,0x8004fff
10,0x8005000,0x80057ff
11,0x8005800,0x8005fff
12,0x8006000,0x80067ff
13,0x8006800,0x8006fff
14,0x8007000,0x80077ff
15,0x8007800,0x8007fff
16,0x8008000,0x80087ff
17,0x8008800,0x8008fff
18,0x8009000,0x80097ff
19,0x8009800,0x8009fff
20,0x800a000,0x800a7ff
21,0x800a800,0x800afff
22,0x800b000,0x800b7ff
23,0x800b800,0x800bfff
24,0x800c000,0x800c7ff
25,0x800c800,0x800cfff
26,0x800d000,0x800d7ff
27,0x800d800,0x800dfff
28,0x800e000,0x800e7ff
29,0x800e800,0x800efff
30,0x800f000,0x800f7ff
31,0x800f800,0x800ffff
32,0x8010000,0x80107ff
33,0x8010800,0x8010fff
34,0x8011000,0x80117ff
35,0x8011800,0x8011fff
36,0x8012000,0x80127ff
37,0x8012800,0x8012fff
38,0x8013000,0x80137ff
39,0x8013800,0x8013fff
40,0x8014000,0x80147ff
41,0x8014800,0x8014fff
42,0x8015000,0x80157ff
43,0x8015800,0x8015fff
44,0x8016000,0x80167ff
45,0x8016800,0x8016fff
46,0x8017000,0x80177ff
47,0x8017800,0x8017fff
48,0x8018000,0x80187ff
49,0x8018800,0x8018fff
50,0x8019000,0x80197ff
51,0x8019800,0x8019fff
52,0x801a000,0x801a7ff
53,0x801a800,0x801afff
54,0x801b000,0x801b7ff
55,0x801b800,0x801bfff
56,0x801c000,0x801c7ff
57,0x801c800,0x801cfff
58,0x801d000,0x801d7ff
59,0x801d800,0x801dfff
60,0x801e000,0x801e7ff
61,0x801e800,0x801efff
62,0x801f000,0x801f7ff
63,0x801f800,0x801ffff
64,0x8020000,0x80207ff
65,0x8020800,0x8020fff
66,0x8021000,0x80217ff
67,0x8021800,0x8021fff
68,0x8022000,0x80227ff
69,0x8022800,0x8022fff
70,0x8023000,0x80237ff
71,0x8023800,0x8023fff
72,0x8024000,0x80247ff
73,0x8024800,0x8024fff
74,0x8025000,0x80257ff
75,0x8025800,0x8025fff
76,0x8026000,0x80267ff
77,0x8026800,0x8026fff
78,0x8027000,0x80277ff
79,0x8027800,0x8027fff
80,0x8028000,0x80287ff
81,0x8028800,0x8028fff
82,0x8029000,0x80297ff
83,0x8029800,0x8029fff
84,0x802a000,0x802a7ff
85,0x802a800,0x802afff
86,0x802b000,0x802b7ff
87,0x802b800,0x802bfff
88,0x802c000,0x802c7ff
89,0x802c800,0x802cfff
90,0x802d000,0x802d7ff
91,0x802d800,0x802dfff
92,0x802e000,0x802e7ff
93,0x802e800,0x802efff
94,0x802f000,0x802f7ff
95,0x802f800,0x802ffff
96,0x8030000,0x80307ff
97,0x8030800,0x8030fff
98,0x8031000,0x80317ff
99,0x8031800,0x8031fff
100,0x8032000,0x80327ff
101,0x8032800,0x8032fff
102,0x8033000,0x80337ff
103,0x8033800,0x8033fff
104,0x8034000,0x80347ff
105,0x8034800,0x8034fff
106,0x8035000,0x80357ff
107,0x8035800,0x8035fff
108,0x8036000,0x80367ff
109,0x8036800,0x8036fff
110,0x8037000,0x80377ff
111,0x8037800,0x8037fff
112,0x8038000,0x80387ff
113,0x8038800,0x8038fff
114,0x8039000,0x80397ff
115,0x8039800,0x8039fff
116,0x803a000,0x803a7ff
117,0x803a800,0x803afff
118,0x803b000,0x803b7ff
119,0x803b800,0x803bfff
120,0x803c000,0x803c7ff
121,0x803c800,0x803cfff
122,0x803d000,0x803d7ff
123,0x803d800,0x803dfff
124,0x803e000,0x803e7ff
125,0x803e800,0x803efff
126,0x803f000,0x803f7ff
127,0x803f800,0x803ffff
128,0x8040000,0x80407ff
129,0x8040800,0x8040fff
130,0x8041000,0x80417ff
131,0x8041800,0x8041fff
132,0x8042000,0x80427ff
133,0x8042800,0x8042fff
134,0x8043000,0x80437ff
135,0x8043800,0x8043fff
136,0x8044000,0x80447ff
137,0x8044800,0x8044fff
138,0x8045000,0x80457ff
139,0x8045800,0x8045fff
140,0x8046000,0x80467ff
141,0x8046800,0x8046fff
142,0x8047000,0x80477ff
143,0x8047800,0x8047fff
144,0x8048000,0x80487ff
145,0x8048800,0x8048fff
146,0x8049000,0x80497ff
147,0x8049800,0x8049fff
148,0x804a000,0x804a7ff
149,0x804a800,0x804afff
150,0x804b000,0x804b7ff
151,0x804b800,0x804bfff
152,0x804c000,0x804c7ff
153,0x804c800,0x804cfff
154,0x804d000,0x804d7ff
155,0x804d800,0x804dfff
156,0x804e000,0x804e7ff
157,0x804e800,0x804efff
158,0x804f000,0x804f7ff
159,0x804f800,0x804ffff
160,0x8050000,0x80507ff
161,0x8050800,0x8050fff
162,0x8051000,0x80517ff
163,0x8051800,0x8051fff
164,0x8052000,0x80527ff
165,0x8052800,0x8052fff
166,0x8053000,0x80537ff
167,0x8053800,0x8053fff
168,0x8054000,0x80547ff
169,0x8054800,0x8054fff
170,0x8055000,0x80557ff
171,0x8055800,0x8055fff
172,0x8056000,0x80567ff
173,0x8056800,0x8056fff
174,0x8057000,0x80577ff
175,0x8057800,0x8057fff
176,0x8058000,0x80587ff
177,0x8058800,0x8058fff
178,0x8059000,0x80597ff
179,0x8059800,0x8059fff
180,0x805a000,0x805a7ff
181,0x805a800,0x805afff
182,0x805b000,0x805b7ff
183,0x805b800,0x805bfff
184,0x805c000,0x805c7ff
185,0x805c800,0x805cfff
186,0x805d000,0x805d7ff
187,0x805d800,0x805dfff
188,0x805e000,0x805e7ff
189,0x805e800,0x805efff
190,0x805f000,0x805f7ff
191,0x805f800,0x805ffff
192,0x8060000,0x80607ff
193,0x8060800,0x8060fff
194,0x8061000,0x80617ff
195,0x8061800,0x8061fff
196,0x8062000,0x80627ff
197,0x8062800,0x8062fff
198,0x8063000,0x80637ff
199,0x8063800,0x8063fff
200,0x8064000,0x80647ff
201,0x8064800,0x8064fff
202,0x8065000,0x80657ff
203,0x8065800,0x8065fff
204,0x8066000,0x80667ff
205,0x8066800,0x8066fff
206,0x8067000,0x80677ff
207,0x8067800,0x8067fff
208,0x8068000,0x80687ff
209,0x8068800,0x8068fff
210,0x8069000,0x80697ff
211,0x8069800,0x8069fff
212,0x806a000,0x806a7ff
213,0x806a800,0x806afff
214,0x806b000,0x806b7ff
215,0x806b800,0x806bfff
216,0x806c000,0x806c7ff
217,0x806c800,0x806cfff
218,0x806d000,0x806d7ff
219,0x806d800,0x806dfff
220,0x806e000,0x806e7ff
221,0x806e800,0x806efff
222,0x806f000,0x806f7ff
223,0x806f800,0x806ffff
224,0x8070000,0x80707ff
225,0x8070800,0x8070fff
226,0x8071000,0x80717ff
227,0x8071800,0x8071fff
228,0x8072000,0x80727ff
229,0x8072800,0x8072fff
230,0x8073000,0x80737ff
231,0x8073800,0x8073fff
232,0x8074000,0x80747ff
233,0x8074800,0x8074fff
234,0x8075000,0x80757ff
235,0x8075800,0x8075fff
236,0x8076000,0x80767ff
237,0x8076800,0x8076fff
238,0x8077000,0x80777ff
239,0x8077800,0x8077fff
240,0x8078000,0x80787ff
241,0x8078800,0x8078fff
242,0x8079000,0x80797ff
243,0x8079800,0x8079fff
244,0x807a000,0x807a7ff
245,0x807a800,0x807afff
246,0x807b000,0x807b7ff
247,0x807b800,0x807bfff
248,0x807c000,0x807c7ff
249,0x807c800,0x807cfff
250,0x807d000,0x807d7ff
251,0x807d800,0x807dfff
252,0x807e000,0x807e7ff
253,0x807e800,0x807efff
254,0x807f000,0x807f7ff
255,0x807f800,0x807ffff
